<?xml version="1.0" encoding="UTF-8"?>
<project-private xmlns="http://www.netbeans.org/ns/project-private/1">
    <editor-bookmarks xmlns="http://www.netbeans.org/ns/editor-bookmarks/2" lastBookmarkId="0"/>
    <open-files xmlns="http://www.netbeans.org/ns/projectui-open-files/2">
        <group>
            <file>file:/C:/Users/Kishore%20Saha/Documents/NetBeansProjects/EmployeeInfo/web/main.jsp</file>
            <file>file:/C:/Users/Kishore%20Saha/Documents/NetBeansProjects/EmployeeInfo/src/conf/MANIFEST.MF</file>
            <file>file:/C:/Users/Kishore%20Saha/Documents/NetBeansProjects/EmployeeInfo/web/connection.jsp</file>
            <file>file:/C:/Users/Kishore%20Saha/Documents/NetBeansProjects/EmployeeInfo/web/image/a.jpg</file>
            <file>file:/C:/Users/Kishore%20Saha/Documents/NetBeansProjects/EmployeeInfo/empdetail.sql</file>
            <file>file:/C:/Users/Kishore%20Saha/Documents/NetBeansProjects/EmployeeInfo/web/dbms.jsp</file>
            <file>file:/C:/Users/Kishore%20Saha/Documents/NetBeansProjects/EmployeeInfo/web/index.html</file>
        </group>
    </open-files>
</project-private>
